Title;T;FEP;<dG>;sem;dGf;sem;dGr;sem;Hysteris;
ACA;298;Total;-2,23;0,11;-2,24;0,11;2,21;0,12;0,03;
ADA;298;Total;82,49;0,17;81,5;0,18;-83,48;0,17;1,98;
AEA;298;Total;87,39;0,12;86,42;0,12;-88,36;0,12;1,94;
AFA;298;Total;-6,15;0,09;-6,1;0,1;6,2;0,09;0,1;
AHidA;298;Total;11,87;0,07;11,89;0,07;-11,85;0,07;0,04;
AHieA;298;Total;14,65;0,08;14,68;0,08;-14,63;0,08;0,05;
AHipA;298;Total;34,19;0,08;33,21;0,08;-35,17;0,08;1,96;
AIA;298;Total;-9,62;0,05;-9,6;0,05;9,64;0,05;0,04;
AKA;298;Total;52,44;0,11;51,49;0,11;-53,39;0,11;1,9;
ALA;298;Total;-6,74;0,08;-6,72;0,08;6,77;0,08;0,05;
AMA;298;Total;-0,21;0,08;-0,2;0,08;0,23;0,08;0,03;
ANA;298;Total;36,3;0,22;36,34;0,22;-36,26;0,22;0,08;
AQA;298;Total;39,18;0,09;39,22;0,09;-39,15;0,09;0,07;
ARA;298;Total;61,6;0,07;60,7;0,08;-62,49;0,08;1,79;
ASA;298;Total;-7,5;0,2;-7,5;0,2;7,6;0,2;0,1;
ATA;298;Total;-2,26;0,09;-2,27;0,09;2,26;0,09;0,01;
AVA;298;Total;-7,94;0,04;-7,98;0,04;7,9;0,04;0,08;
AWA;298;Total;5,13;0,09;5,17;0,09;-5,09;0,09;0,08;
AYA;298;Total;5,07;0,11;5,11;0,11;-5,04;0,11;0,07;
;;;;;;;;AVERAGE;0,547368421;
;;;;;;;;AVERAGE;0,056153846;(charged excluded)
